timestamp,ticker,action,reason,yes_price,days_to_close,market_title
2026-03-24T04:21:47.203297Z,KXNBAGAME-26MAR25MIACLE-CLE,buy,"66% implied, closes in 15d",66,15,Miami at Cleveland Winner?
2026-03-24T04:21:47.203728Z,KXNBAGAME-26MAR25BKNGSW-GSW,buy,"87% implied, closes in 15d",87,15,Brooklyn at Golden State Winner?
2026-03-24T04:21:47.203826Z,KXNBAGAME-26MAR25SASMEM-SAS,buy,"92% implied, closes in 15d",92,15,San Antonio at Memphis Winner?
2026-03-24T04:21:47.203910Z,KXNBAGAME-26MAR25MILPOR-POR,buy,"81% implied, closes in 15d",81,15,Milwaukee at Portland Winner?
2026-03-24T04:21:47.203989Z,KXNBAGAME-26MAR25OKCBOS-OKC,buy,"65% implied, closes in 15d",65,15,Oklahoma City at Boston Winner?
2026-03-24T04:21:47.204064Z,KXNBAGAME-26MAR25DALDEN-DEN,buy,"88% implied, closes in 15d",88,15,Dallas at Denver Winner?
2026-03-24T04:21:47.204140Z,KXNBAGAME-26MAR25WASUTA-UTA,buy,"63% implied, closes in 15d",63,15,Washington at Utah Winner?
2026-03-24T04:21:47.204212Z,KXNBAGAME-26MAR25CHIPHI-PHI,buy,"63% implied, closes in 15d",63,15,Chicago at Philadelphia Winner?
2026-03-24T04:21:47.204287Z,KXNBAGAME-26MAR25LALIND-LAL,buy,"90% implied, closes in 15d",90,15,Los Angeles L at Indiana Winner?
2026-03-24T04:21:47.204357Z,KXNBAGAME-26MAR25ATLDET-DET,buy,"63% implied, closes in 15d",63,15,Atlanta at Detroit Winner?
2026-03-24T04:21:47.204427Z,KXNBAGAME-26MAR24DENPHX-DEN,buy,"67% implied, closes in 14d",67,14,Denver at Phoenix Winner?
2026-03-24T04:21:47.204616Z,KXNBAGAME-26MAR24ORLCLE-CLE,buy,"79% implied, closes in 14d",79,14,Orlando at Cleveland Winner?
2026-03-24T04:21:47.204765Z,KXNBAGAME-26MAR24NOPNYK-NYK,buy,"78% implied, closes in 14d",78,14,New Orleans at New York Winner?
2026-03-24T04:21:47.204901Z,KXNBAGAME-26MAR24SACCHA-CHA,buy,"92% implied, closes in 14d",92,14,Sacramento at Charlotte Winner?
2026-03-24T04:21:47.205064Z,KXNBAGAME-26MAR23GSWDAL-GSW,buy,"88% implied, closes in 13d",88,13,Golden State at Dallas Winner?
2026-03-24T04:21:47.205271Z,KXUCLGAME-26APR08BARATM-BAR,buy,"66% implied, closes in 29d",66,29,Barcelona vs Atletico Winner?
2026-03-24T04:21:47.205435Z,KXMVESPORTSMULTIGAMEEXTENDED-S20267A0510EFD42-031270838D3,buy,"94% implied, closes in 14d",94,14,"yes Coby White: 2+,yes Charlotte,yes Jalen Brunson: 20+,yes Brandon Miller: 10+,yes LaMelo Ball: 10+"
2026-03-24T04:21:47.206190Z,KXMVESPORTSMULTIGAMEEXTENDED-S202627078119E84-8659BBAE7BA,buy,"94% implied, closes in 14d",94,14,"yes Coby White: 2+,yes Charlotte,yes Brandon Miller: 10+,yes LaMelo Ball: 10+,yes DeMar DeRozan: 10+"
2026-03-24T04:21:47.206347Z,KXMVESPORTSMULTIGAMEEXTENDED-S2026939CFC8E3C6-C2E161EA4DF,buy,"62% implied, closes in 16d",62,16,"yes Arizona,yes Purdue,yes Michigan wins by over 4.5 Points"
2026-03-24T04:21:47.206485Z,KXMVECROSSCATEGORY-S2026CF167E2D450-09BB1D502D8,buy,"62% implied, closes in 14d",62,14,"yes Denver,yes Charlotte,yes Detroit"
2026-03-24T04:21:47.207870Z,KXMVECROSSCATEGORY-S2026FA6631E4AEC-A0AE20C524E,buy,"72% implied, closes in 14d",72,14,"yes Cleveland,yes Charlotte wins by over 2.5 Points,yes New Mexico,yes NYI Islanders,no Seattle wins"
2026-03-24T04:21:47.208836Z,KXMVESPORTSMULTIGAMEEXTENDED-S2026C8D0BBAF571-7F3CFF27814,buy,"84% implied, closes in 14d",84,14,"yes OG Anunoby: 1+,yes Cleveland,yes LaMelo Ball: 20+"
2026-03-24T04:22:32.622979Z,KXNBAGAME-26MAR25MIACLE-CLE,buy,"66% implied, closes in 15d",66,15,Miami at Cleveland Winner?
2026-03-24T04:22:32.623560Z,KXNBAGAME-26MAR25BKNGSW-GSW,buy,"87% implied, closes in 15d",87,15,Brooklyn at Golden State Winner?
2026-03-24T04:22:32.623724Z,KXNBAGAME-26MAR25SASMEM-SAS,buy,"92% implied, closes in 15d",92,15,San Antonio at Memphis Winner?
2026-03-24T04:22:32.623860Z,KXNBAGAME-26MAR25MILPOR-POR,buy,"81% implied, closes in 15d",81,15,Milwaukee at Portland Winner?
2026-03-24T04:22:32.624007Z,KXNBAGAME-26MAR25OKCBOS-OKC,buy,"65% implied, closes in 15d",65,15,Oklahoma City at Boston Winner?
2026-03-24T04:22:32.624130Z,KXNBAGAME-26MAR25DALDEN-DEN,buy,"88% implied, closes in 15d",88,15,Dallas at Denver Winner?
2026-03-24T04:22:32.624262Z,KXNBAGAME-26MAR25WASUTA-UTA,buy,"63% implied, closes in 15d",63,15,Washington at Utah Winner?
2026-03-24T04:22:32.624377Z,KXNBAGAME-26MAR25CHIPHI-PHI,buy,"63% implied, closes in 15d",63,15,Chicago at Philadelphia Winner?
2026-03-24T04:22:32.624487Z,KXNBAGAME-26MAR25LALIND-LAL,buy,"90% implied, closes in 15d",90,15,Los Angeles L at Indiana Winner?
2026-03-24T04:22:32.624600Z,KXNBAGAME-26MAR25ATLDET-DET,buy,"63% implied, closes in 15d",63,15,Atlanta at Detroit Winner?
2026-03-24T04:22:32.624794Z,KXNBAGAME-26MAR24DENPHX-DEN,buy,"67% implied, closes in 14d",67,14,Denver at Phoenix Winner?
2026-03-24T04:22:32.624897Z,KXNBAGAME-26MAR24ORLCLE-CLE,buy,"79% implied, closes in 14d",79,14,Orlando at Cleveland Winner?
2026-03-24T04:22:32.625047Z,KXNBAGAME-26MAR24NOPNYK-NYK,buy,"78% implied, closes in 14d",78,14,New Orleans at New York Winner?
2026-03-24T04:22:32.625154Z,KXNBAGAME-26MAR24SACCHA-CHA,buy,"92% implied, closes in 14d",92,14,Sacramento at Charlotte Winner?
2026-03-24T04:22:32.625262Z,KXNBAGAME-26MAR23GSWDAL-GSW,buy,"95% implied, closes in 13d",95,13,Golden State at Dallas Winner?
2026-03-24T04:22:32.625401Z,KXUCLGAME-26APR08BARATM-BAR,buy,"66% implied, closes in 29d",66,29,Barcelona vs Atletico Winner?
2026-03-24T04:22:32.625593Z,KXMVECROSSCATEGORY-S2026C798DA36ABC-4466C0D3BE5,buy,"75% implied, closes in 14d",75,14,"yes Cleveland,yes Charlotte,yes Jalen Brunson: 20+,yes Brandon Miller: 15+,yes Coby White: 10+,yes L"
2026-03-24T04:22:32.625760Z,KXMVESPORTSMULTIGAMEEXTENDED-S2026C5BF0709A01-052D702F02B,buy,"72% implied, closes in 14d",72,14,"yes Cleveland,yes Charlotte wins by over 2.5 Points,yes New Mexico,no Chicago wins by over 2.5 goals"
2026-03-24T04:22:32.625888Z,KXMVESPORTSMULTIGAMEEXTENDED-S2026D5AA3FA7CF4-DA14E8BA60B,buy,"61% implied, closes in 16d",61,16,"yes Houston,yes Arizona wins by over 2.5 Points,yes Purdue wins by over 1.5 Points,no Duke wins by o"
2026-03-24T04:22:32.626007Z,KXMVESPORTSMULTIGAMEEXTENDED-S20267DAAC739DA7-0F4DB73D391,buy,"74% implied, closes in 14d",74,14,"yes New York,yes Charlotte,yes Trey Murphy III: 15+,yes Karl-Anthony Towns: 15+,yes Brandon Miller: "
2026-03-24T04:22:32.626110Z,KXMVESPORTSMULTIGAMEEXTENDED-S202691BFA6BAC2C-6316CE86E03,buy,"94% implied, closes in 14d",94,14,"yes Coby White: 2+,yes Charlotte,yes Zion Williamson: 15+,yes Karl-Anthony Towns: 15+,yes Brandon Mi"
2026-03-24T04:22:32.626214Z,KXMVECROSSCATEGORY-S202604961D5F321-109FDFDF4AD,buy,"75% implied, closes in 14d",75,14,"yes Cleveland,yes Charlotte,yes Brandon Miller: 15+,yes Coby White: 10+,yes LaMelo Ball: 10+"
2026-03-24T04:22:32.626332Z,KXMVESPORTSMULTIGAMEEXTENDED-S20262CBD821F3D3-83C1D8B142B,buy,"80% implied, closes in 14d",80,14,"yes Brandon Miller: 2+,yes LaMelo Ball: 2+,yes Miles Bridges: 2+,yes Moussa Diabaté: 6+,yes Purdue F"
2026-03-24T04:22:32.626496Z,KXMVECROSSCATEGORY-S2026FAFE442BCC3-D963ABB981A,buy,"86% implied, closes in 14d",86,14,"yes New Mexico,yes Auburn,yes UConn"
2026-03-24T04:22:32.626598Z,KXMVECROSSCATEGORY-S2026786227AB9D8-A8110EE8197,buy,"75% implied, closes in 14d",75,14,"yes Cleveland,yes Charlotte,yes Brandon Miller: 15+,yes Coby White: 10+"
2026-03-24T04:22:32.626713Z,KXMVECROSSCATEGORY-S20260E0967ECDDF-48F05DFAD24,buy,"67% implied, closes in 13d",67,13,"yes Portland,yes Golden State,yes Los Angeles C,yes Denver,no New York wins by over 25.5 Points,yes "
2026-03-24T04:22:32.626809Z,KXMVESPORTSMULTIGAMEEXTENDED-S2026E984B179DBF-86E604E681A,buy,"80% implied, closes in 14d",80,14,"yes New York,yes Trey Murphy III: 15+,yes Karl-Anthony Towns: 15+,yes Brandon Miller: 10+,yes LaMelo"
2026-03-24T04:22:32.627047Z,KXMVESPORTSMULTIGAMEEXTENDED-S2026AD87954271D-FC5AD4E31A9,buy,"60% implied, closes in 14d",60,14,"yes Terence Atmane,yes Arizona,yes Purdue,yes Victoria Mboko"
2026-03-24T04:22:32.627155Z,KXMVESPORTSMULTIGAMEEXTENDED-S202639079E4131B-8C0B2EF9D42,buy,"94% implied, closes in 14d",94,14,"yes Coby White: 2+,yes Charlotte,yes Zion Williamson: 15+,yes Karl-Anthony Towns: 15+,yes Brandon Mi"
2026-03-24T04:22:32.627288Z,KXMVECROSSCATEGORY-S2026CE806AC6FF7-7287A7638F4,buy,"74% implied, closes in 14d",74,14,"yes New York,yes Charlotte,yes Zion Williamson: 20+,yes Jalen Brunson: 25+"
2026-03-24T04:22:32.627386Z,KXMVECROSSCATEGORY-S202684D81B4E115-683FA4B8276,buy,"94% implied, closes in 14d",94,14,"yes Charlotte,yes Over 223.5 points scored"
2026-03-24T04:22:32.627540Z,KXMVECROSSCATEGORY-S2026982D8307491-57AE135F9FB,buy,"62% implied, closes in 16d",62,16,"yes Houston,yes Duke,no Arizona wins by over 14.5 Points,no Nebraska wins by over 8.5 Points,yes UCo"
2026-03-24T04:22:32.627694Z,KXMVESPORTSMULTIGAMEEXTENDED-S20261BA4F7EACB3-9C55076552A,buy,"62% implied, closes in 16d",62,16,"yes Houston,yes Arizona wins by over 2.5 Points,yes Purdue wins by over 1.5 Points,yes Over 151.5 po"
2026-03-24T04:22:32.627795Z,KXMVESPORTSMULTIGAMEEXTENDED-S2026E5161326FDC-20ACDAAE937,buy,"72% implied, closes in 14d",72,14,"yes Cleveland,yes Charlotte wins by over 2.5 Points,yes New Mexico"
2026-03-24T04:26:41.067364Z,KXNBAGAME-26MAR25MIACLE-CLE,buy,"66% implied, closes in 15d",66,15,2575,1699.5,98300.5,Miami at Cleveland Winner?
2026-03-24T04:26:41.067659Z,KXNBAGAME-26MAR25BKNGSW-GSW,buy,"86% implied, closes in 15d",86,15,2558,2199.88,96100.62,Brooklyn at Golden State Winner?
2026-03-24T04:26:41.067989Z,KXNBAGAME-26MAR25SASMEM-SAS,buy,"92% implied, closes in 15d",92,15,2391,2199.72,93900.9,San Antonio at Memphis Winner?
2026-03-24T04:26:41.068076Z,KXNBAGAME-26MAR25MILPOR-POR,buy,"81% implied, closes in 15d",81,15,2469,1999.89,91901.01,Milwaukee at Portland Winner?
2026-03-24T04:26:41.068152Z,KXNBAGAME-26MAR25OKCBOS-OKC,buy,"65% implied, closes in 15d",65,15,2615,1699.75,90201.26,Oklahoma City at Boston Winner?
2026-03-24T04:26:41.068223Z,KXNBAGAME-26MAR25DALDEN-DEN,buy,"88% implied, closes in 15d",88,15,2500,2200.0,88001.26,Dallas at Denver Winner?
2026-03-24T04:26:41.068417Z,KXNBAGAME-26MAR25WASUTA-UTA,buy,"63% implied, closes in 15d",63,15,2698,1699.74,86301.52,Washington at Utah Winner?
2026-03-24T04:26:41.068513Z,KXNBAGAME-26MAR25CHIPHI-PHI,buy,"63% implied, closes in 15d",63,15,2065,1300.95,85000.57,Chicago at Philadelphia Winner?
2026-03-24T04:26:41.068662Z,KXUCLGAME-26APR08BARATM-BAR,buy,"66% implied, closes in 29d",66,29,2318,1529.88,83470.69,Barcelona vs Atletico Winner?
2026-03-24T04:26:41.068776Z,KXMVESPORTSMULTIGAMEEXTENDED-S2026B346AFAA912-8C648C80130,buy,"94% implied, closes in 14d",94,14,2340,2199.6,81271.09,"yes LaMelo Ball: 2+,yes DeMar DeRozan: 2+,yes Charlotte,yes LaMelo Ball: 10+"
2026-03-24T04:26:41.068846Z,KXMVESPORTSMULTIGAMEEXTENDED-S2026CF980FDAEB7-60A065B118E,buy,"80% implied, closes in 14d",80,14,2500,2000.0,79271.09,"yes Josh Hart: 6+,yes New York,yes Josh Hart: 15+"
2026-03-24T04:26:41.068917Z,KXMVECROSSCATEGORY-S2026D6C4F1EAF08-CC8F302D4AD,buy,"63% implied, closes in 14d",63,14,2698,1699.74,77571.35,"yes ANA Ducks,yes NYI Islanders,yes TB Lightning,yes DAL Stars,yes NSH Predators,yes VGK Golden Knig"
2026-03-24T04:26:41.068988Z,KXMVESPORTSMULTIGAMEEXTENDED-S2026438CBC3A2EB-7B234E8B1C5,buy,"60% implied, closes in 14d",60,14,2833,1699.8,75871.55,"yes Charlotte,yes NYI Islanders,yes UTA Mammoth,yes BOS Bruins"
2026-03-24T04:26:41.069082Z,KXMVESPORTSMULTIGAMEEXTENDED-S20263F185D83395-1E84547A995,buy,"65% implied, closes in 14d",65,14,2615,1699.75,74171.8,"yes NYI Islanders,yes DAL Stars,yes NSH Predators,yes BOS Bruins,yes STL Blues"
2026-03-24T04:26:41.069144Z,KXMVECROSSCATEGORY-S2026858BD3A5A98-F09B7C92C93,buy,"67% implied, closes in 18d",67,18,2537,1699.79,72472.01,"yes Israel Adesanya,yes Niko Price,yes Maycee Barber"
2026-03-24T04:26:41.069211Z,KXMVESPORTSMULTIGAMEEXTENDED-S2026C8C91D01D56-86D05377A59,buy,"65% implied, closes in 14d",65,14,2615,1699.75,70772.26,"yes Tommy Paul,yes Arthur Fils,yes Iowa St."
2026-03-24T04:26:41.069273Z,KXMVECROSSCATEGORY-S2026ABF705CBEA5-E87C90BC4C6,buy,"84% implied, closes in 14d",84,14,2380,1999.2,68773.06,"yes Cleveland,yes Josh Hart: 10+"
2026-03-24T04:26:41.069355Z,KXMVECROSSCATEGORY-S20261039462981C-A7722748A77,buy,"63% implied, closes in 14d",63,14,2698,1699.74,67073.32,"yes New York,yes Cleveland,yes Josh Hart: 10+"
2026-03-24T04:26:41.069429Z,KXMVESPORTSMULTIGAMEEXTENDED-S20266F610E5C2FD-1EAF52FB383,buy,"62% implied, closes in 13d",62,13,2741,1699.42,65373.9,"no Golden State wins by over 5.5 Points,no Over 223.5 points scored,no Over 229.5 points scored"
2026-03-24T04:26:41.069542Z,KXMVESPORTSMULTIGAMEEXTENDED-S2026A31E9A6A071-89630F0D473,buy,"65% implied, closes in 14d",65,14,2615,1699.75,63674.15,"yes Arthur Fils,yes Iowa St."
2026-03-24T04:26:41.069641Z,KXMVECROSSCATEGORY-S2026D28C3424970-8365743494A,buy,"70% implied, closes in 14d",70,14,2857,1999.9,61674.25,"yes Jalen Brunson: 20+,yes Karl-Anthony Towns: 15+,yes Brandon Miller: 10+,yes Coby White: 10+,yes L"
2026-03-24T04:26:41.069707Z,KXMVESPORTSMULTIGAMEEXTENDED-S20261720DCB1C9E-2082ECD184B,buy,"72% implied, closes in 14d",72,14,2777,1999.44,59674.81,"yes ANA Ducks,no Montreal wins by over 2.5 goals,no Chicago wins by over 1.5 goals,no Pittsburgh win"
2026-03-24T04:26:41.069785Z,KXMVESPORTSMULTIGAMEEXTENDED-S2026B6470BC2340-86DB2DA97AC,buy,"68% implied, closes in 13d",68,13,444,301.92,59372.89,"yes Portland,yes Los Angeles C,yes Over 223.5 points scored,yes Over 226.5 points scored"
2026-03-24T04:30:03.121862Z,KXUCLGAME-26APR07SPOARS-ARS,buy,"62% implied, closes in 28d",62,28,2467,1529.54,57843.35,Sporting CP vs Arsenal Winner?
2026-03-24T04:30:03.123134Z,KXMVECROSSCATEGORY-S20266F4955BB9CA-54D55EDDD25,buy,"88% implied, closes in 13d",88,13,2500,2200.0,55643.35,"yes Portland wins by over 29.5 Points,no Golden State wins by over 5.5 Points,yes Over 223.5 points "
2026-03-24T04:30:03.123439Z,KXMVECROSSCATEGORY-S20261DCA86D7BD4-CA6A45A2BCC,buy,"65% implied, closes in 15d",65,15,2615,1699.75,53943.6,"yes Golden State,yes Chicago,yes Denver,yes Houston,yes Cleveland,yes Portland,yes Oklahoma City,yes"
2026-03-24T04:30:03.123528Z,KXMVECROSSCATEGORY-S2026F50C8AF4A7D-26E89D9C938,buy,"73% implied, closes in 13d",73,13,2739,1999.47,51944.13,"yes Golden State,yes Charlotte,yes Denver,yes Los Angeles L,yes Portland,yes San Antonio,yes LSU,yes"
2026-03-24T17:13:17.768792Z,KXMVESPORTSMULTIGAMEEXTENDED-S20266F610E5C2FD-1EAF52FB383,settle,"NO won, payout $0.00, P/L $-1699.42",,,2741,1699.42,51944.13,"no Golden State wins by over 5.5 Points,no Over 223.5 points scored,no Over 229."
2026-03-24T17:13:17.770134Z,KXMVESPORTSMULTIGAMEEXTENDED-S2026B6470BC2340-86DB2DA97AC,settle,"NO won, payout $0.00, P/L $-301.92",,,444,301.92,51944.13,"yes Portland,yes Los Angeles C,yes Over 223.5 points scored,yes Over 226.5 point"
2026-03-24T17:13:17.770212Z,KXMVECROSSCATEGORY-S20266F4955BB9CA-54D55EDDD25,settle,"NO won, payout $0.00, P/L $-2200.00",,,2500,2200.0,51944.13,"yes Portland wins by over 29.5 Points,no Golden State wins by over 5.5 Points,ye"
2026-03-24T17:13:18.222337Z,KXMVESPORTSMULTIGAMEEXTENDED-S2026F9BAC12A475-60FE4AAAC11,buy,"67% implied, closes in 14d",67,14,2047,1371.49,50572.64,"yes James Harden: 2+,yes Karl-Anthony Towns: 15+,yes Evan Mobley: 10+,no New Orleans wins by over 5."
2026-03-24T17:13:18.222595Z,KXMVECROSSCATEGORY-S2026E2FE4497F02-9C47A3B24BB,buy,"70% implied, closes in 14d",70,14,2246,1572.2,49000.44,"yes Jalen Brunson: 2+,yes Josh Hart: 4+,yes Brandon Miller: 2+,yes New York,yes Charlotte,yes Zion W"
2026-03-24T20:38:27.960552Z,KXNHLGOAL-26MAR24LACGY-LATMOORE12-3,buy,"98% implied, closes in 14d; momentum: short history (no veto)",98,14,2150,2107.0,46893.44,Trevor Moore: 3+ goals
2026-03-24T20:38:27.962193Z,KXNHLGOAL-26MAR24LACGY-LATMOORE12-2,buy,"98% implied, closes in 14d; momentum: short history (no veto)",98,14,2150,2107.0,44786.44,Trevor Moore: 2+ goals
2026-03-24T20:38:27.962289Z,KXNHLGOAL-26MAR24LACGY-LASHELENIUS79-1,buy,"98% implied, closes in 14d; momentum: short history (no veto)",98,14,2150,2107.0,42679.44,Samuel Helenius: 1+ goals
2026-03-24T20:38:27.962357Z,KXNHLGOAL-26MAR24LACGY-LAQBYFIELD55-3,buy,"98% implied, closes in 14d; momentum: short history (no veto)",98,14,2150,2107.0,40572.44,Quinton Byfield: 3+ goals
2026-03-24T20:38:27.962422Z,KXNHLGOAL-26MAR24LACGY-LAQBYFIELD55-2,buy,"98% implied, closes in 14d; momentum: short history (no veto)",98,14,2150,2107.0,38465.44,Quinton Byfield: 2+ goals
2026-03-24T20:38:27.962554Z,KXNHLGOAL-26MAR24LACGY-LAMANDERSON44-1,buy,"98% implied, closes in 14d; momentum: short history (no veto)",98,14,2150,2107.0,36358.44,Mikey Anderson: 1+ goals
2026-03-24T20:38:27.962614Z,KXNHLGOAL-26MAR24LACGY-LAJEDMUNDSON6-1,buy,"98% implied, closes in 14d; momentum: short history (no veto)",98,14,1763,1727.74,34630.7,Joel Edmundson: 1+ goals
2026-03-24T20:38:27.964659Z,KXCS2MAP-26MAR25TNCSTA-2-TNC,buy,"97% implied, closes in 14d; momentum: short history (no veto)",97,14,2172,2106.84,32523.86,Will TNC win map 2 in the TNC vs. STATE match?
2026-03-24T20:38:27.964725Z,KXCS2MAP-26MAR25TNCSTA-2-STA,buy,"97% implied, closes in 14d; momentum: short history (no veto)",97,14,2172,2106.84,30417.02,Will STATE win map 2 in the TNC vs. STATE match?
2026-03-24T20:38:27.964788Z,KXCS2MAP-26MAR25TNCSTA-1-TNC,buy,"97% implied, closes in 14d; momentum: short history (no veto)",97,14,2172,2106.84,28310.18,Will TNC win map 1 in the TNC vs. STATE match?
2026-03-24T20:38:27.964843Z,KXCS2MAP-26MAR25TNCSTA-1-STA,buy,"97% implied, closes in 14d; momentum: short history (no veto)",97,14,2172,2106.84,26203.34,Will STATE win map 1 in the TNC vs. STATE match?
2026-03-24T20:38:28.007784Z,KXCS2GAME-26MAR25TNCSTA-TNC,buy,"87% implied, closes in 14d; momentum: short history (no veto)",87,14,2422,2107.14,24096.2,Will TNC win the TNC vs. STATE CS2 match?
2026-03-24T20:38:28.007944Z,KXCS2GAME-26MAR25TNCSTA-STA,buy,"87% implied, closes in 14d; momentum: short history (no veto)",87,14,2422,2107.14,21989.06,Will STATE win the TNC vs. STATE CS2 match?
2026-03-24T20:38:28.108651Z,KXNBA2HWINNER-26MAR25TORLAC-TOR,buy,"98% implied, closes in 15d; momentum: short history (no veto)",98,15,2150,2107.0,19882.06,Toronto vs Los Angeles C: Second Half Winner?
2026-03-24T20:38:28.108937Z,KXNBA2HWINNER-26MAR25TORLAC-TIE,buy,"98% implied, closes in 15d; momentum: short history (no veto)",98,15,737,722.26,19159.8,Toronto vs Los Angeles C: Second Half Winner?
2026-03-25T02:09:24.532892Z,KXMVECROSSCATEGORY-S2026D28C3424970-8365743494A,settle,"NO won, payout $0.00, P/L $-1999.90",,,2857,1999.9,19159.8,"yes Jalen Brunson: 20+,yes Karl-Anthony Towns: 15+,yes Brandon Miller: 10+,yes C"
2026-03-25T02:09:24.533942Z,KXMVECROSSCATEGORY-S2026E2FE4497F02-9C47A3B24BB,settle,"NO won, payout $0.00, P/L $-1572.20",,,2246,1572.2,19159.8,"yes Jalen Brunson: 2+,yes Josh Hart: 4+,yes Brandon Miller: 2+,yes New York,yes "
2026-03-25T02:09:24.982226Z,KXMVECROSSCATEGORY-S2026E6F52A70AEB-0129377D6D7,buy,"66% implied, closes in 14d; momentum: short history (no veto)",66,14,1082,714.12,18445.68,"yes Jamal Murray: 2+,yes Nikola Jokić: 1+,yes Devin Booker: 1+,yes Nikola Jokić: 10+,yes Devin Booke"
2026-03-25T02:14:32.582446Z,KXMVESPORTSMULTIGAMEEXTENDED-S2026B346AFAA912-8C648C80130,settle,"YES won, payout $2340.00, P/L $+140.40",,,2340,2199.6,22832.68,"yes LaMelo Ball: 2+,yes DeMar DeRozan: 2+,yes Charlotte,yes LaMelo Ball: 10+"
2026-03-25T02:14:32.584985Z,KXMVESPORTSMULTIGAMEEXTENDED-S2026F9BAC12A475-60FE4AAAC11,settle,"YES won, payout $2047.00, P/L $+675.51",,,2047,1371.49,22832.68,"yes James Harden: 2+,yes Karl-Anthony Towns: 15+,yes Evan Mobley: 10+,no New Orl"
2026-03-25T02:14:36.740995Z,KXMVESPORTSMULTIGAMEEXTENDED-S202699B627F9D4D-DAE05CC5415,buy,"62% implied, closes in 13d; momentum: short history (no veto)",62,13,2551,1581.62,21251.06,"yes Cleveland,yes NJ Devils,yes STL Blues"
2026-03-25T02:14:36.742624Z,KXMVESPORTSMULTIGAMEEXTENDED-S20260E086A3C29A-7E3600C7522,buy,"68% implied, closes in 14d; momentum: short history (no veto)",68,14,2318,1576.24,19674.82,"yes Jamal Murray: 1+,yes Devin Booker: 1+,yes Devin Booker: 2+,yes Jalen Green: 2+,yes Christian Bra"
2026-03-25T02:14:36.743821Z,KXMVECROSSCATEGORY-S2026E35F8452CDB-F14BF50A066,buy,"69% implied, closes in 14d; momentum: short history (no veto)",69,14,1545,1066.05,18608.77,"yes Devin Booker: 4+,yes Jamal Murray: 20+,yes Nikola Jokić: 25+,yes Devin Booker: 20+,yes Aaron Gor"
2026-03-25T02:19:40.831303Z,KXMVESPORTSMULTIGAMEEXTENDED-S2026438CBC3A2EB-7B234E8B1C5,settle,"NO won, payout $0.00, P/L $-1699.80",,,2833,1699.8,18608.77,"yes Charlotte,yes NYI Islanders,yes UTA Mammoth,yes BOS Bruins"
2026-03-25T02:19:43.996369Z,KXMVESPORTSMULTIGAMEEXTENDED-S20266BDFB86CC57-C7643F3D23A,buy,"65% implied, closes in 14d; momentum: short history (no veto)",65,14,523,339.95,18268.82,"yes Jamal Murray: 2+,yes Devin Booker: 1+,yes Nikola Jokić: 10+,yes Devin Booker: 2+,yes Aaron Gordo"
2026-03-25T02:31:17.674710Z,KXMVECROSSCATEGORY-S2026D6C4F1EAF08-CC8F302D4AD,settle,"NO won, payout $0.00, P/L $-1699.74",,,2698,1699.74,18268.82,"yes ANA Ducks,yes NYI Islanders,yes TB Lightning,yes DAL Stars,yes NSH Predators"
2026-03-25T02:31:21.481199Z,KXMVESPORTSMULTIGAMEEXTENDED-S2026240B310D712-9D18E5BC889,buy,"72% implied, closes in 14d; momentum: short history (no veto)",72,14,472,339.84,17928.98,"yes Denver,yes Los Angeles L,yes Aaron Gordon: 10+,yes Devin Booker: 20+,yes Over 218.5 points score"
2026-03-25T02:41:36.396774Z,KXMVESPORTSMULTIGAMEEXTENDED-S2026CF980FDAEB7-60A065B118E,settle,"NO won, payout $0.00, P/L $-2000.00",,,2500,2000.0,17928.98,"yes Josh Hart: 6+,yes New York,yes Josh Hart: 15+"
2026-03-25T02:41:41.381393Z,KXMVESPORTSMULTIGAMEEXTENDED-S202637C39F94418-7211D445C15,buy,"60% implied, closes in 14d; momentum: short history (no veto)",60,14,667,400.2,17528.78,"yes Aaron Gordon: 15+,yes Over 230.5 points scored"
2026-03-25T02:54:43.051936Z,KXMVECROSSCATEGORY-S2026ABF705CBEA5-E87C90BC4C6,settle,"YES won, payout $2380.00, P/L $+380.80",,,2380,1999.2,22606.78,"yes Cleveland,yes Josh Hart: 10+"
2026-03-25T02:54:43.054830Z,KXMVECROSSCATEGORY-S20261039462981C-A7722748A77,settle,"YES won, payout $2698.00, P/L $+998.26",,,2698,1699.74,22606.78,"yes New York,yes Cleveland,yes Josh Hart: 10+"
2026-03-25T03:07:45.561890Z,KXMVESPORTSMULTIGAMEEXTENDED-S20263F185D83395-1E84547A995,settle,"NO won, payout $0.00, P/L $-1699.75",,,2615,1699.75,22606.78,"yes NYI Islanders,yes DAL Stars,yes NSH Predators,yes BOS Bruins,yes STL Blues"
2026-03-25T03:07:45.563801Z,KXMVESPORTSMULTIGAMEEXTENDED-S20261720DCB1C9E-2082ECD184B,settle,"NO won, payout $0.00, P/L $-1999.44",,,2777,1999.44,22606.78,"yes ANA Ducks,no Montreal wins by over 2.5 goals,no Chicago wins by over 1.5 goa"
2026-03-25T03:07:49.224433Z,KXMVECROSSCATEGORY-S20265C92B12211E-A4C7F59F75F,buy,"68% implied, closes in 13d; momentum: short history (no veto)",68,13,2133,1450.44,21156.34,"yes Devin Booker: 1+,yes Nikola Jokić: 11+,yes Devin Booker: 4+,yes Jamal Murray: 20+,yes Nikola Jok"
2026-03-25T03:07:49.225968Z,KXMVESPORTSMULTIGAMEEXTENDED-S20260B396823E1E-E50F0A0986B,buy,"69% implied, closes in 13d; momentum: short history (no veto)",69,13,2102,1450.38,19705.96,"yes Jamal Murray: 1+,yes Nikola Jokić: 1+,yes Devin Booker: 1+,yes Aaron Gordon: 2+,yes Devin Booker"
2026-03-25T03:07:49.227483Z,KXMVESPORTSMULTIGAMEEXTENDED-S202634E21D475C6-16CF22EDDB4,buy,"78% implied, closes in 13d; momentum: short history (no veto)",78,13,2187,1705.86,18000.1,"yes Jamal Murray: 1+,no Denver wins by over 14.5 Points,yes Over 221.5 points scored"
2026-03-25T03:07:49.229492Z,KXMVECROSSCATEGORY-S20269F61D2D788C-5F2A93BE8AE,buy,"70% implied, closes in 13d; momentum: short history (no veto)",70,13,1336,935.2,17064.9,"yes Jamal Murray: 6+,yes Over 5.5 goals scored"
2026-03-25T04:04:04.089534Z,KXNHLGOAL-26MAR24LACGY-LATMOORE12-3,settle,"NO won, payout $0.00, P/L $-2107.00",,,2150,2107.0,21765.9,Trevor Moore: 3+ goals
2026-03-25T04:04:04.092855Z,KXNHLGOAL-26MAR24LACGY-LATMOORE12-2,settle,"NO won, payout $0.00, P/L $-2107.00",,,2150,2107.0,21765.9,Trevor Moore: 2+ goals
2026-03-25T04:04:04.093466Z,KXNHLGOAL-26MAR24LACGY-LASHELENIUS79-1,settle,"NO won, payout $0.00, P/L $-2107.00",,,2150,2107.0,21765.9,Samuel Helenius: 1+ goals
2026-03-25T04:04:04.093997Z,KXNHLGOAL-26MAR24LACGY-LAQBYFIELD55-3,settle,"NO won, payout $0.00, P/L $-2107.00",,,2150,2107.0,21765.9,Quinton Byfield: 3+ goals
2026-03-25T04:04:04.094502Z,KXNHLGOAL-26MAR24LACGY-LAQBYFIELD55-2,settle,"YES won, payout $2150.00, P/L $+43.00",,,2150,2107.0,21765.9,Quinton Byfield: 2+ goals
2026-03-25T04:04:04.095014Z,KXNHLGOAL-26MAR24LACGY-LAMANDERSON44-1,settle,"NO won, payout $0.00, P/L $-2107.00",,,2150,2107.0,21765.9,Mikey Anderson: 1+ goals
2026-03-25T04:04:04.095718Z,KXNHLGOAL-26MAR24LACGY-LAJEDMUNDSON6-1,settle,"NO won, payout $0.00, P/L $-1727.74",,,1763,1727.74,21765.9,Joel Edmundson: 1+ goals
2026-03-25T04:04:04.096265Z,KXMVESPORTSMULTIGAMEEXTENDED-S202699B627F9D4D-DAE05CC5415,settle,"YES won, payout $2551.00, P/L $+969.38",,,2551,1581.62,21765.9,"yes Cleveland,yes NJ Devils,yes STL Blues"
2026-03-25T04:04:07.978653Z,KXMVESPORTSMULTIGAMEEXTENDED-S2026A89113E362B-170FE12E03C,buy,"70% implied, closes in 14d; momentum: short history (no veto)",70,14,2116,1481.2,20284.7,"yes Golden State,yes Philadelphia"
2026-03-25T04:04:07.979685Z,KXMVESPORTSMULTIGAMEEXTENDED-S202607F659874DC-8EE86898A48,buy,"83% implied, closes in 13d; momentum: short history (no veto)",83,13,503,417.49,19867.21,"yes Over 230.5 points scored,no Anaheim wins by over 1.5 goals,no Edmonton wins by over 2.5 goals"
2026-03-25T04:04:07.981844Z,KXMVECROSSCATEGORY-S20260C81E1414BD-71B6583E490,buy,"79% implied, closes in 13d; momentum: short history (no veto)",79,13,1875,1481.25,18385.96,"yes Jamal Murray: 3+,yes Denver,yes Nikola Jokić: 25+,yes Jalen Green: 15+,yes Nikola Jokić: 12+"
2026-03-25T04:07:12.025670Z,KXMVECROSSCATEGORY-S2026A417064684D-ABB93AC6C12,buy,"71% implied, closes in 14d; momentum: short history (no veto)",71,14,91,64.61,18321.35,"no Oklahoma City wins by over 8.5 Points,no Over 245.5 points scored"
2026-03-25T05:00:55.931238Z,KXMVESPORTSMULTIGAMEEXTENDED-S202607F659874DC-8EE86898A48,settle,"NO won, payout $0.00, P/L $-417.49",,,503,417.49,18321.35,"yes Over 230.5 points scored,no Anaheim wins by over 1.5 goals,no Edmonton wins "
2026-03-25T05:00:59.498731Z,KXMVESPORTSMULTIGAMEEXTENDED-S20269D97C9C9D93-B02C079126B,buy,"68% implied, closes in 14d; momentum: short history (no veto)",68,14,522,354.96,17966.39,"yes Matas Buzelis: 10+,yes Paul George: 10+,yes VJ Edgecombe: 15+"
2026-03-25T06:47:32.789870Z,KXMVESPORTSMULTIGAMEEXTENDED-S20260E086A3C29A-7E3600C7522,settle,"YES won, payout $2318.00, P/L $+741.76",,,2318,1576.24,24474.39,"yes Jamal Murray: 1+,yes Devin Booker: 1+,yes Devin Booker: 2+,yes Jalen Green: "
2026-03-25T06:47:32.792570Z,KXMVECROSSCATEGORY-S2026E35F8452CDB-F14BF50A066,settle,"NO won, payout $0.00, P/L $-1066.05",,,1545,1066.05,24474.39,"yes Devin Booker: 4+,yes Jamal Murray: 20+,yes Nikola Jokić: 25+,yes Devin Booke"
2026-03-25T06:47:32.793137Z,KXMVESPORTSMULTIGAMEEXTENDED-S20266BDFB86CC57-C7643F3D23A,settle,"NO won, payout $0.00, P/L $-339.95",,,523,339.95,24474.39,"yes Jamal Murray: 2+,yes Devin Booker: 1+,yes Nikola Jokić: 10+,yes Devin Booker"
2026-03-25T06:47:32.793694Z,KXMVESPORTSMULTIGAMEEXTENDED-S202637C39F94418-7211D445C15,settle,"YES won, payout $667.00, P/L $+266.80",,,667,400.2,24474.39,"yes Aaron Gordon: 15+,yes Over 230.5 points scored"
2026-03-25T06:47:32.794174Z,KXMVECROSSCATEGORY-S20265C92B12211E-A4C7F59F75F,settle,"NO won, payout $0.00, P/L $-1450.44",,,2133,1450.44,24474.39,"yes Devin Booker: 1+,yes Nikola Jokić: 11+,yes Devin Booker: 4+,yes Jamal Murray"
2026-03-25T06:47:32.794670Z,KXMVESPORTSMULTIGAMEEXTENDED-S20260B396823E1E-E50F0A0986B,settle,"NO won, payout $0.00, P/L $-1450.38",,,2102,1450.38,24474.39,"yes Jamal Murray: 1+,yes Nikola Jokić: 1+,yes Devin Booker: 1+,yes Aaron Gordon:"
2026-03-25T06:47:32.795130Z,KXMVESPORTSMULTIGAMEEXTENDED-S202634E21D475C6-16CF22EDDB4,settle,"YES won, payout $2187.00, P/L $+481.14",,,2187,1705.86,24474.39,"yes Jamal Murray: 1+,no Denver wins by over 14.5 Points,yes Over 221.5 points sc"
2026-03-25T06:47:32.795530Z,KXMVECROSSCATEGORY-S20269F61D2D788C-5F2A93BE8AE,settle,"YES won, payout $1336.00, P/L $+400.80",,,1336,935.2,24474.39,"yes Jamal Murray: 6+,yes Over 5.5 goals scored"
2026-03-25T06:47:32.795925Z,KXMVECROSSCATEGORY-S20260C81E1414BD-71B6583E490,settle,"NO won, payout $0.00, P/L $-1481.25",,,1875,1481.25,24474.39,"yes Jamal Murray: 3+,yes Denver,yes Nikola Jokić: 25+,yes Jalen Green: 15+,yes N"
2026-03-25T06:47:32.796373Z,KXMVECROSSCATEGORY-S2026A417064684D-ABB93AC6C12,settle,"NO won, payout $0.00, P/L $-64.61",,,91,64.61,24474.39,"no Oklahoma City wins by over 8.5 Points,no Over 245.5 points scored"
2026-03-25T06:47:34.853129Z,KXMVESPORTSMULTIGAMEEXTENDED-S2026D1AC4103A66-2D455462AB7,buy,"70% implied, closes in 14d; momentum: short history (no veto)",70,14,1991,1393.7,23080.69,"yes Jonathan Kuminga: 2+,yes Ausar Thompson: 2+,yes Jarace Walker: 4+,yes LeBron James: 4+,yes Andre"
2026-03-25T08:13:34.924798Z,KXMVECROSSCATEGORY-S2026E6F52A70AEB-0129377D6D7,settle,"NO won, payout $0.00, P/L $-714.12",,,1082,714.12,23080.69,"yes Jamal Murray: 2+,yes Nikola Jokić: 1+,yes Devin Booker: 1+,yes Nikola Jokić:"
2026-03-25T08:14:26.906454Z,KXMVECROSSCATEGORY-S2026C413D55AFDD-6DE90DCD82A,buy,"62% implied, closes in 14d; momentum: short history (no veto)",62,14,1891,1172.42,21908.27,"yes Donovan Mitchell: 1+,yes James Harden: 1+,yes Norman Powell: 1+,no Cleveland wins by over 16.5 P"
2026-03-25T08:18:56.745330Z,KXMVESPORTSMULTIGAMEEXTENDED-S202624DFC87A8F1-8A4287A5C80,buy,"64% implied, closes in 14d; momentum: short history (no veto)",64,14,1832,1172.48,20735.79,"yes Over 211.5 points scored,no Over 249.5 points scored"
2026-03-25T13:27:30.871630Z,KXCS2MAP-26MAR25TNCSTA-1-TNC,settle,"NO won, payout $0.00, P/L $-2106.84",,,2172,2106.84,22907.79,Will TNC win map 1 in the TNC vs. STATE match?
2026-03-25T13:27:30.873165Z,KXCS2MAP-26MAR25TNCSTA-1-STA,settle,"YES won, payout $2172.00, P/L $+65.16",,,2172,2106.84,22907.79,Will STATE win map 1 in the TNC vs. STATE match?
2026-03-25T14:59:02.832659Z,KXCS2MAP-26MAR25TNCSTA-2-TNC,settle,"YES won, payout $2172.00, P/L $+65.16",,,2172,2106.84,25079.79,Will TNC win map 2 in the TNC vs. STATE match?
2026-03-25T14:59:02.833912Z,KXCS2MAP-26MAR25TNCSTA-2-STA,settle,"NO won, payout $0.00, P/L $-2106.84",,,2172,2106.84,25079.79,Will STATE win map 2 in the TNC vs. STATE match?
2026-03-25T14:59:04.484434Z,KXMVESPORTSMULTIGAMEEXTENDED-S2026D90B3ECD798-67085ED9187,buy,"72% implied, closes in 14d; momentum: short history (no veto)",72,14,1802,1297.44,23782.35,"yes Paul George: 10+,yes Derrick White: 10+,yes Deandre Ayton: 6+,yes Shai Gilgeous-Alexander: 2+"
2026-03-25T14:59:04.485115Z,KXMVESPORTSMULTIGAMEEXTENDED-S2026CD5850F1125-4A7186996D1,buy,"65% implied, closes in 14d; momentum: short history (no veto)",65,14,454,295.1,23487.25,"yes James Harden: 2+,yes Tyler Herro: 2+,yes Payton Pritchard: 2+,yes Jalen Williams: 1+"
2026-03-25T14:59:18.163707Z,KXMVECROSSCATEGORY-S20268B55FD09DD5-FA306871C86,buy,"68% implied, closes in 17d; momentum: short history (no veto)",68,17,1622,1102.96,22384.29,"yes Israel Adesanya,yes Ignacio Bahamondes,yes Michael Chiesa,yes Lerryan Douglas,yes Alexa Grasso,y"
2026-03-25T16:42:25.868276Z,KXCS2GAME-26MAR25TNCSTA-TNC,settle,"NO won, payout $0.00, P/L $-2107.14",,,2422,2107.14,24806.29,Will TNC win the TNC vs. STATE CS2 match?
2026-03-25T16:42:25.870364Z,KXCS2GAME-26MAR25TNCSTA-STA,settle,"YES won, payout $2422.00, P/L $+314.86",,,2422,2107.14,24806.29,Will STATE win the TNC vs. STATE CS2 match?
2026-03-25T16:42:27.190772Z,KXMVECROSSCATEGORY-S20261CA6D6F3443-48193C232A5,buy,"62% implied, closes in 14d; momentum: short history (no veto)",62,14,1730,1072.6,23733.69,"yes Bennedict Mathurin: 1+,yes Darius Garland: 1+,yes Bennedict Mathurin: 2+,yes Brook Lopez: 1+,yes"
2026-03-25T16:42:27.591017Z,KXMVECROSSCATEGORY-S2026360CB40D711-687445DE7C8,buy,"71% implied, closes in 14d; momentum: short history (no veto)",71,14,1011,717.81,23015.88,"yes P.J. Washington: 10+,yes Ace Bailey: 15+,yes Over 208.5 points scored,yes Over 203.5 points scor"
2026-03-25T17:27:46.304453Z,KXMVECROSSCATEGORY-S2026AF19C0BA565-B4C51E8A5D5,buy,"65% implied, closes in 14d; momentum: short history (no veto)",65,14,1,0.65,23015.23,"yes San Antonio,yes Over 222.5 points scored,yes Over 227.5 points scored,yes Over 3.5 goals scored,"
2026-03-31T20:52:23.005548Z,KXNBAGAME-26MAR25MIACLE-CLE,settle,"NO won, payout $0.00, P/L $-1699.50",,,2575,1699.5,39105.23,Miami at Cleveland Winner?
2026-03-31T20:52:23.007353Z,KXNBAGAME-26MAR25BKNGSW-GSW,settle,"YES won, payout $2558.00, P/L $+358.12",,,2558,2199.88,39105.23,Brooklyn at Golden State Winner?
2026-03-31T20:52:23.008198Z,KXNBAGAME-26MAR25SASMEM-SAS,settle,"YES won, payout $2391.00, P/L $+191.28",,,2391,2199.72,39105.23,San Antonio at Memphis Winner?
2026-03-31T20:52:23.008636Z,KXNBAGAME-26MAR25MILPOR-POR,settle,"YES won, payout $2469.00, P/L $+469.11",,,2469,1999.89,39105.23,Milwaukee at Portland Winner?
2026-03-31T20:52:23.009064Z,KXNBAGAME-26MAR25OKCBOS-OKC,settle,"NO won, payout $0.00, P/L $-1699.75",,,2615,1699.75,39105.23,Oklahoma City at Boston Winner?
2026-03-31T20:52:23.009544Z,KXNBAGAME-26MAR25DALDEN-DEN,settle,"YES won, payout $2500.00, P/L $+300.00",,,2500,2200.0,39105.23,Dallas at Denver Winner?
2026-03-31T20:52:23.009979Z,KXNBAGAME-26MAR25WASUTA-UTA,settle,"NO won, payout $0.00, P/L $-1699.74",,,2698,1699.74,39105.23,Washington at Utah Winner?
2026-03-31T20:52:23.010398Z,KXNBAGAME-26MAR25CHIPHI-PHI,settle,"YES won, payout $2065.00, P/L $+764.05",,,2065,1300.95,39105.23,Chicago at Philadelphia Winner?
2026-03-31T20:52:23.010845Z,KXMVECROSSCATEGORY-S2026858BD3A5A98-F09B7C92C93,settle,"NO won, payout $0.00, P/L $-1699.79",,,2537,1699.79,39105.23,"yes Israel Adesanya,yes Niko Price,yes Maycee Barber"
2026-03-31T20:52:23.011342Z,KXMVECROSSCATEGORY-S20261DCA86D7BD4-CA6A45A2BCC,settle,"NO won, payout $0.00, P/L $-1699.75",,,2615,1699.75,39105.23,"yes Golden State,yes Chicago,yes Denver,yes Houston,yes Cleveland,yes Portland,y"
2026-03-31T20:52:23.011821Z,KXNBA2HWINNER-26MAR25TORLAC-TOR,settle,"NO won, payout $0.00, P/L $-2107.00",,,2150,2107.0,39105.23,Toronto vs Los Angeles C: Second Half Winner?
2026-03-31T20:52:23.012258Z,KXNBA2HWINNER-26MAR25TORLAC-TIE,settle,"NO won, payout $0.00, P/L $-722.26",,,737,722.26,39105.23,Toronto vs Los Angeles C: Second Half Winner?
2026-03-31T20:52:23.012712Z,KXMVESPORTSMULTIGAMEEXTENDED-S2026A89113E362B-170FE12E03C,settle,"YES won, payout $2116.00, P/L $+634.80",,,2116,1481.2,39105.23,"yes Golden State,yes Philadelphia"
2026-03-31T20:52:23.013260Z,KXMVESPORTSMULTIGAMEEXTENDED-S2026D1AC4103A66-2D455462AB7,settle,"YES won, payout $1991.00, P/L $+597.30",,,1991,1393.7,39105.23,"yes Jonathan Kuminga: 2+,yes Ausar Thompson: 2+,yes Jarace Walker: 4+,yes LeBron"
2026-03-31T20:52:23.013972Z,KXMVESPORTSMULTIGAMEEXTENDED-S2026CD5850F1125-4A7186996D1,settle,"NO won, payout $0.00, P/L $-295.10",,,454,295.1,39105.23,"yes James Harden: 2+,yes Tyler Herro: 2+,yes Payton Pritchard: 2+,yes Jalen Will"
2026-03-31T20:52:23.014344Z,KXMVECROSSCATEGORY-S20268B55FD09DD5-FA306871C86,settle,"NO won, payout $0.00, P/L $-1102.96",,,1622,1102.96,39105.23,"yes Israel Adesanya,yes Ignacio Bahamondes,yes Michael Chiesa,yes Lerryan Dougla"
2026-03-31T20:52:35.828793Z,KXNBAGAME-26APR02PHXCHA-CHA,buy,"64% implied, closes in 16d; momentum: short history (no veto); technicals: no history (no veto)",64,16,209,133.76,38971.47,Phoenix at Charlotte Winner?
2026-03-31T20:52:35.830415Z,KXNBAGAME-26APR01BOSMIA-BOS,buy,"65% implied, closes in 15d; momentum: short history (no veto); technicals: no history (no veto)",65,15,206,133.9,38837.57,Boston at Miami Winner?
2026-03-31T20:52:35.831673Z,KXNBAGAME-26APR01INDCHI-CHI,buy,"62% implied, closes in 15d; momentum: short history (no veto); technicals: no history (no veto)",62,15,216,133.92,38703.65,Indiana at Chicago Winner?
2026-03-31T20:52:35.832854Z,KXNBAGAME-26APR01ATLORL-ATL,buy,"62% implied, closes in 15d; momentum: short history (no veto); technicals: no history (no veto)",62,15,216,133.92,38569.73,Atlanta at Orlando Winner?
2026-03-31T20:52:35.834012Z,KXNBAGAME-26MAR31PORLAC-LAC,buy,"67% implied, closes in 14d; momentum: short history (no veto); technicals: no history (no veto)",67,14,200,134.0,38435.73,Portland at Los Angeles C Winner?
2026-03-31T20:52:35.834984Z,KXNBAGAME-26MAR31TORDET-DET,buy,"60% implied, closes in 14d; momentum: short history (no veto); technicals: no history (no veto)",60,14,223,133.8,38301.93,Toronto at Detroit Winner?
2026-03-31T20:52:35.836101Z,KXUCLGAME-26APR15BMURMA-TIE,buy,"76% implied, closes in 28d; momentum: short history (no veto); technicals: no history (no veto)",76,28,176,133.76,38168.17,Bayern Munich vs Real Madrid Winner?
2026-03-31T20:52:35.837316Z,KXUCLGAME-26APR15BMURMA-BMU,buy,"68% implied, closes in 28d; momentum: short history (no veto); technicals: no history (no veto)",68,28,197,133.96,38034.21,Bayern Munich vs Real Madrid Winner?
2026-03-31T20:52:35.838277Z,KXUCLGAME-26APR15ARSSPO-TIE,buy,"75% implied, closes in 28d; momentum: short history (no veto); technicals: no history (no veto)",75,28,178,133.5,37900.71,Arsenal vs Sporting CP Winner?
2026-03-31T20:52:35.839129Z,KXUCLGAME-26APR15ARSSPO-ARS,buy,"77% implied, closes in 28d; momentum: short history (no veto); technicals: no history (no veto)",77,28,174,133.98,37766.73,Arsenal vs Sporting CP Winner?
2026-03-31T20:52:35.840409Z,KXUCLGAME-26APR14LFCPSG-TIE,buy,"73% implied, closes in 27d; momentum: short history (no veto); technicals: no history (no veto)",73,27,183,133.59,37633.14,Liverpool vs PSG Winner?
2026-03-31T20:52:35.841385Z,KXUCLGAME-26APR14LFCPSG-PSG,buy,"70% implied, closes in 27d; momentum: short history (no veto); technicals: no history (no veto)",70,27,191,133.7,37499.44,Liverpool vs PSG Winner?
2026-03-31T20:52:35.845123Z,KXUCLGAME-26APR14LFCPSG-LFC,buy,"63% implied, closes in 27d; momentum: short history (no veto); technicals: no history (no veto)",63,27,213,134.19,37365.25,Liverpool vs PSG Winner?
2026-03-31T20:52:35.846116Z,KXUCLGAME-26APR14ATMBAR-TIE,buy,"75% implied, closes in 27d; momentum: short history (no veto); technicals: no history (no veto)",75,27,178,133.5,37231.75,Atletico vs Barcelona Winner?
2026-03-31T20:52:35.846886Z,KXUCLGAME-26APR14ATMBAR-BAR,buy,"70% implied, closes in 27d; momentum: short history (no veto); technicals: no history (no veto)",70,27,191,133.7,37098.05,Atletico vs Barcelona Winner?
2026-03-31T20:52:35.847626Z,KXUCLGAME-26APR14ATMBAR-ATM,buy,"67% implied, closes in 27d; momentum: short history (no veto); technicals: no history (no veto)",67,27,200,134.0,36964.05,Atletico vs Barcelona Winner?
2026-03-31T20:52:35.848634Z,KXMVESPORTSMULTIGAMEEXTENDED-S202690BC7D3F531-E22C4BF00AA,buy,"73% implied, closes in 14d; momentum: short history (no veto); technicals: no history (no veto)",73,14,183,133.59,36830.46,"yes Darius Garland: 1+,yes James Harden: 6+,yes Austin Reaves: 4+,yes Devin Booker: 20+,yes Evan Mob"
2026-03-31T20:52:35.849457Z,KXMVESPORTSMULTIGAMEEXTENDED-S2026584D14D6ACF-B52E4B009B0,buy,"79% implied, closes in 14d; momentum: short history (no veto); technicals: no history (no veto)",79,14,169,133.51,36696.95,"yes Amen Thompson: 10+,yes Jalen Brunson: 15+,yes Karl-Anthony Towns: 15+"
2026-03-31T20:52:35.850653Z,KXMVESPORTSMULTIGAMEEXTENDED-S2026F8586CC9BD3-B5358F34975,buy,"68% implied, closes in 14d; momentum: short history (no veto); technicals: no history (no veto)",68,14,197,133.96,36562.99,"yes Kon Knueppel: 15+,yes Moussa Diabaté: 6+,yes James Harden: 4+"
2026-03-31T20:52:35.851572Z,KXMVECROSSCATEGORY-S20265581C22A671-A25FFE75051,buy,"76% implied, closes in 14d; momentum: short history (no veto); technicals: no history (no veto)",76,14,176,133.76,36429.23,"yes Kevin Durant: 1+,yes Amen Thompson: 4+,yes Josh Hart: 2+,yes Amen Thompson: 10+,yes Kevin Durant"
2026-03-31T20:52:35.852340Z,KXMVESPORTSMULTIGAMEEXTENDED-S20262E77D9A0AD5-01E5820E601,buy,"63% implied, closes in 14d; momentum: short history (no veto); technicals: no history (no veto)",63,14,213,134.19,36295.04,"yes Coby White: 10+,yes Donovan Mitchell: 15+,yes James Harden: 15+,yes Jalen Brunson: 15+,yes Karl-"
2026-03-31T20:52:35.853044Z,KXMVECROSSCATEGORY-S2026D48CA8077DC-ACBF8F054D2,buy,"79% implied, closes in 14d; momentum: short history (no veto); technicals: no history (no veto)",79,14,169,133.51,36161.53,"yes Luka Dončić: 4+,yes Kevin Durant: 2+,yes LaMelo Ball: 15+,yes Donovan Mitchell: 20+,yes Luka Don"
2026-03-31T20:52:35.853776Z,KXMVESPORTSMULTIGAMEEXTENDED-S20261450CBAD0C4-BE9CC8F901A,buy,"62% implied, closes in 14d; momentum: short history (no veto); technicals: no history (no veto)",62,14,216,133.92,36027.61,"yes Coby White: 10+,yes Donovan Mitchell: 15+,yes James Harden: 15+,yes Jalen Brunson: 15+,yes Karl-"
2026-03-31T20:52:35.854539Z,KXMVECROSSCATEGORY-S20266AEB8393B83-497775A1E5A,buy,"85% implied, closes in 14d; momentum: short history (no veto); technicals: no history (no veto)",85,14,157,133.45,35894.16,"yes Jakob Poeltl: 6+,yes Over 205.5 points scored"
2026-03-31T20:52:35.855226Z,KXMVESPORTSMULTIGAMEEXTENDED-S202683105D2FE56-5A5F19D6936,buy,"60% implied, closes in 14d; momentum: short history (no veto); technicals: no history (no veto)",60,14,223,133.8,35760.36,"yes Paolo Banchero: 1+,yes Devin Booker: 2+,yes Orlando,yes Paolo Banchero: 20+,yes Devin Booker: 20"
2026-03-31T20:52:35.855912Z,KXMVECROSSCATEGORY-S2026AE8F6DE3FC9-AECDF56D408,buy,"67% implied, closes in 2d; momentum: short history (no veto); technicals: no history (no veto)",67,2,200,134.0,35626.36,"yes Atlanta,yes Austin Riley: 1+,yes José Suarez: 2+"
2026-03-31T20:52:35.856633Z,KXMVESPORTSMULTIGAMEEXTENDED-S202672EB80A85AC-96ACE51F3E8,buy,"77% implied, closes in 2d; momentum: short history (no veto); technicals: no history (no veto)",77,2,174,133.98,35492.38,"yes Logan Webb: 4+,yes Shohei Ohtani: 4+,yes Kon Knueppel: 15+,yes LaMelo Ball: 15+,yes Donovan Mitc"
2026-03-31T20:52:35.857358Z,KXMVESPORTSMULTIGAMEEXTENDED-S2026A6217E84073-94A80C6DB75,buy,"77% implied, closes in 2d; momentum: short history (no veto); technicals: no history (no veto)",77,2,174,133.98,35358.4,"yes Logan Webb: 4+,yes Shohei Ohtani: 4+,yes Kon Knueppel: 15+,yes LaMelo Ball: 15+,yes Evan Mobley:"
2026-03-31T20:52:35.858042Z,KXMVECROSSCATEGORY-S202630262E643E5-0015C47E80E,buy,"78% implied, closes in 14d; momentum: short history (no veto); technicals: no history (no veto)",78,14,172,134.16,35224.24,"yes Coby White: 1+,yes LaMelo Ball: 2+,yes Kevin Durant: 1+,yes Darius Garland: 1+,yes Kawhi Leonard"
2026-03-31T20:52:35.858926Z,KXMVECROSSCATEGORY-S2026111270FB73E-5E7811604D6,buy,"62% implied, closes in 14d; momentum: short history (no veto); technicals: no history (no veto)",62,14,216,133.92,35090.32,"yes Kon Knueppel: 2+,yes Coby White: 10+,yes Evan Mobley: 10+,yes Charlotte wins by over 3.5 Points"
2026-03-31T20:52:35.859605Z,KXMVESPORTSMULTIGAMEEXTENDED-S202620B5D511CF2-2C5A9133FD0,buy,"85% implied, closes in 14d; momentum: short history (no veto); technicals: no history (no veto)",85,14,157,133.45,34956.87,"yes LaMelo Ball: 2+,yes Devin Booker: 1+,yes Kon Knueppel: 2+,yes Charlotte,yes LaMelo Ball: 15+,yes"
2026-03-31T20:52:35.860376Z,KXMVESPORTSMULTIGAMEEXTENDED-S202664C1D74985A-74B75D7E8C6,buy,"60% implied, closes in 14d; momentum: short history (no veto); technicals: no history (no veto)",60,14,223,133.8,34823.07,"yes Paolo Banchero: 1+,yes Devin Booker: 2+,yes Orlando,yes Paolo Banchero: 20+,yes Devin Booker: 20"
2026-03-31T20:52:35.861158Z,KXMVESPORTSMULTIGAMEEXTENDED-S2026659586B8EA6-6502A913A57,buy,"62% implied, closes in 14d; momentum: short history (no veto); technicals: no history (no veto)",62,14,216,133.92,34689.15,"yes Coby White: 10+,yes Donovan Mitchell: 15+,yes James Harden: 15+,yes Jalen Brunson: 15+,yes Karl-"
2026-03-31T20:52:35.861882Z,KXMVESPORTSMULTIGAMEEXTENDED-S2026F6EC5E78647-3C1B1363633,buy,"76% implied, closes in 14d; momentum: short history (no veto); technicals: no history (no veto)",76,14,22,16.72,34672.43,"yes LaMelo Ball: 6+,yes Charlotte,yes Brandon Miller: 15+,yes Coby White: 10+,yes Miles Bridges: 10+"
2026-03-31T20:52:43.048269Z,KXMVECROSSCATEGORY-S202649872979B90-87557F2BD70,buy,"60% implied, closes in 14d; momentum: short history (no veto); technicals: short history (no veto)",60,14,223,133.8,34538.63,"yes James Harden: 6+,yes Los Angeles L,yes Donovan Mitchell: 20+,yes Austin Reaves: 20+,yes Luka Don"
2026-03-31T20:52:54.628369Z,KXMVESPORTSMULTIGAMEEXTENDED-S202628857FB6AE6-57609807B2E,buy,"61% implied, closes in 14d; momentum: short history (no veto); technicals: no history (no veto)",61,14,1,0.61,34538.02,"yes Brandon Miller: 20+,yes Coby White: 10+,yes Kon Knueppel: 15+,yes Donovan Mitchell: 15+,yes Evan"
